Autore;Titolo
George Orwell;1984
Ilaria Beltramme;101 cose da fare a Roma almeno una volta nella vita
Trilussa;I Sonetti
Ilaria Beltramme;101 perch�� sulla storia di Roma che non puoi non sapere
Laura Rangoni;500 ricette di piatti unici
Claudio Giorlandino;A cavallo della luna. La storia di Pino
Umberto Eco;Il Fascismo Eterno
Caroline Taggart;A Classical Education: The Stuff You Wish You'd Been Taught At School
Danielle Steel;A Good Woman
Khaled Hosseini;A Thousand Splendid Suns
Jonathan Coe;A Touch of Love
Patrick Weiller;Il Giudizio di Salomone
Nigel Rees;A Word in Your Shell-Like: 6,000 Curious & Everyday Phrases Explained
Giuseppe Mazzini;Pensieri sulla democrazia in Europa
Andrea Camilleri, Carlo Lucarelli;Acqua in bocca
Gianrico Carofiglio;Ad occhi chiusi
Agatha Christie;Addio, miss Marple
Davide Vasta, Marco Andrea De;Adobe Dreamweaver CS4
Marco Feo, Andrea Rotondo;Adobe Flash CS4. Creare e gestire animazioni e siti web interattivi e dinamici
vuoto;Adobe Photoshop CS4. Lavorare con creativit? su fotografie e immagini digitali
Edimatica;Adobe Photoshop CS5. Lavorare con creativit? su fotografie e immagini digitali
Nunzio Trotta, Domenico Belardo;Adobe Premiere Pro CS5. Guida all'uso
Martin Hewings;Advanced Grammar in Use With CD ROM
Richard Du Toit, Gerald Hinde, William Taylor;Africa's Big Five
vuoto;AJAX - Guida per lo sviluppatore
Sigmund Freud;Al di la' del principio del piacere
Antonio Nughes;Alghero
Bassett;Alice's Adventures in Wonderland (Oxford Bookworms Library)
William F. Wheeler;Alive in Africa: My Journeys on Foot in the Sahara, Rift Valley, and Rain Forest
Wilbur Smith, G. Hirzer;Alle fonti del Nilo
Annalisa Andreoni;Ama l'italiano. Segreti e meraviglie della lingua pi�� bella
Alberto Angela;Amore e sesso nell'antica Roma
Khaled Hosseini;And the Mountains Echoed
Dan Brown;Angeli E Demoni
Andrea Carandini, M. C. Capanna, M. Ippoliti;Angoli di Roma. Guida inconsueta alla citt�� antica
Alberto Bevilacqua;Anima carnale
George Orwell, Malcolm Bradbury;Animal Farm: A Fairy Story (Penguin Modern Classics)
Jorge Luis Borges;Finzioni
Publio Cornelio Tacito, Bianca Ceva, B. Ceva, Cesare Questa;Annali. Testo latino a fronte
Giorgio Bocca;Annus horribilis
Ansel Adams;The Camera (Ansel Adams Photography, Book 1)
vuoto;Apache Pocket Reference
Hugh E. Williams, David Lane;Applicazioni Web database con PHP e MySQL
Andrea Augello;Arditi contro. I primi anni di piombo a Roma 1919-1923
Kelly M. Greenhill, P. Faccia;Armi di migrazione di massa
Danila Comastri Montanari;Ars moriendi. Indagine a Pompei
vuoto;ASP.NET 2.0
Dk;Atlas (World Atlas)
Ian McEwan;Atonement
Christine Lindop;Australia and New Zealand: Stage 3 (Oxford Bookworms Library, Factfiles)
Jorge Luis Borges;L'Aleph
Matteo Trasi, Luigi Santapaga;AutoCad 2011
Massimo Mantellini;Bassa risoluzione
J. G. Williams, Norman Arlott, Roger Tory Peterson Institute;Birds of East Africa (Collins Field Guides)
Ian Rankin;Black & Blue
Carsten. Wartmann;Blender. La guida. Con CD-ROM.
Aldous Huxley, Margaret Atwood;Brave New World
Christopher Negus, Francois Caen;BSD UNIX Toolbox: 1000+ Commands for FreeBSD, OpenBSD and NetBSD
Deitel & Deitel;C - Corso completo di programmazione
vuoto;C# 2005 Guida per lo sviluppatore
Harvey M. Deitel, Paul J. Deitel;C++ Fondamenti di programmazione
Harvey M. Deitel, Paul J. Deitel;C++ Tecniche avanzate di programmazione
Jorge Amado, C. M. Valentinetti;Cacao
Wilbur Smith;Cacciatori di diamanti
Simonetta Agnello Hornby;Caff�� amaro
Louise Hashemi, Barbara Thomas;Cambridge Grammar for First Certificate With Answers and Audio CD (Cambridge Grammar for Exams)
vuoto;Cambridge Idioms Dictionary
Pino Cacucci;Camminando. Incontri di un viandante
Bassett;Canterville Ghost (Oxford Bookworms)
Nina M. Mart?nez;Caramba!
aa.vv.;Carpe diem. Le pi�� belle citazioni latine
Lucarelli Carlo;Carta Bianca
Danila Comastri Montanari;Cave canem
Gabriel Garcia Marquez;Cent'anni di solitudine
Richard Courant, Herbert Robbins, I. Stewart, L. Ragusa Gilli;Che cos'�� la matematica?
Niccolo Ammaniti;Che la festa Cominci
Jonathan Coe;Circolo Chiuso
Christian Jacq;CLAIRE
aa vv;Colosseo-Palatino-Foro romano-Domus Aurea. Ediz. italiana
Ferdinand Petrie;Come disegnare i paesaggi. Tutte le fasi per realizzare a matita ogni singolo elemento del paesaggio: alberi, montagne, colline, rocce, scenari industriali...
Hogart Burne;Come disegnare la figura vestita. Per riprodurre nel migliore dei modi pieghe e drappeggi
Giuseppe Montesano;Come diventare vivi. Un vademecum per lettori selvaggi
Wilbur Smith;Come Il Mare
Giacomo Matteotti;Contro il fascismo-Un anno di dominazione fascista
Enrico Letta;Contro venti e maree. Idee sull'Europa e sull'Italia. Conversazione con SǸbastien Millard
Cay S. Horstmann, Gary. Cornell;Core Java 2
Cay S. Horstmann, Gary Cornell;Core Java 2. Vol. 1: Fondamenti.
Luciano DeCrescenzo;Cosi parlo Bellavista.
Mike Davis;Costruire applicazioni cpn Access (versioni 97 e 2000)
Roberto Chimenti;Costruire siti dinamici con Joomla! 1.5
Tiziano Fogliata;Creare blog e siti web con WordPress
Riccardo Falcinelli;Cromorama. Come il colore ha cambiato il nostro sguardo
M.J. Easton, Jason King;Cross-Platform .NET Development: Using Mono, Portable.NET, and Microsoft .NET
Dan Brown;Crypto
Gianluca Troiani;CSS
Fabio Fracas;Cubase 4. Musica digitale. Guida pratica per diventare musicisti digitali. Con CD-ROM
Danila Comastri Montanari;Cui prodest?
Paolo Bertetto;Cuore scuro
Costantino Maes;Curiosit�� romane
Lin Anderson;Dark Flight
Tobias Jones;Dark Heart of Italy, The
Paolo Giudici;Data mining. Modelli informatici, statistici e applicazioni
Matteo Golfarelli, Stefano Rizzi;Data Warehouse. Teoria e pratica della progettazione. Con CD-ROM
Bassett;David Copperfield (Oxford Bookworms Library Classics)
Tito Lucrezio Caro;De rerum natura. Testo latino a fronte
Lin Anderson;Deadly Code
Gigi Proietti;Decamerino. Novelle dietro le quinte
Giovanni Boccaccio, R. Marrone;Decameron. Ediz. integrale
vuoto;DELPHI 6
Michele Brambilla;Dieci anni di illusioni. Storia del Sessantotto
Alberto Siliotti;Dimore Eterne
Fernando Picchi;Dizionario d'uso dei phrasal verbs. Inglese-italiano. Dizionario completo dei verbi frasali inglesi, glossario di verbi italiani tradotti con phrasal verbs
Fernando Ravaro;Dizionario romanesco
Jonathan Coe;Donna per caso
Elie Wiesel;Dopo la notte
Wilbur Smith;Dove Finisce L'arcobaleno - Quattro Destini Uniti in Un Sogno Di Spreanza E Liberta
Robert Louis Stevenson, Rosemary Border;Dr Jekyll and Mr Hyde: 1400 Headwords (Oxford Bookworms Library)
Lin Anderson;Driftnet (Rhona MacLeod)
Danila Comastri Montanari;Dura lex
Federico Palmaroli;E so' problemi
Lin Anderson;Easy Kill
Mladen Gogala;Easy Oracle PHP: Create Dynamic Web Pages with Oracle Data (Easy Oracle Series)
Ferruccio Parazzoli;Eclisse del Dio unico
Rob Humphreys, Donald Reid;Edimburgo
Rose-Marie Hagen;Egitto. Popolo divinit�� faraoni
Hannah Arendt;Eichmann and the Holocaust
Alessandro Baricco;Emmaus
Michael McCarthy, Felicity O'Dell;English Vocabulary in Use Upper-Intermediate with answers
Andrea Camilleri;Esercizi di memoria
Marco Beri;Espressioni regolari
Tony Siluro Ventilatio;Estetica della scorreggia. Appunti per una buona applicazione della tromba di culo ad uso dei cultori
Baruch Spinoza;Etica
Gianni Giaccaglini;Excel e Office VBA. La guida completa. Con CD-ROM
Antonio Pennacchi;Fascio e martello. Viaggio per le citt�� del duce
Judith Wilson, Richard Acklam, Jacky Newbrook;FCE Gold Plus (Gold)
Sally Burgess, Judith Wilson, Jacky Newbrook;FCE Gold Plus Maximiser: No Key (Gold)
Najma Dharani;Field Guide to Common Trees and Shrubs of East Africa
Wilbur Smith;Figli Del Nilo
Roberto Celano;FileMaker PRO - Guida Pratica
Lin Anderson;Final Cut (Rhona MacLeod)
Alex C. Raccuglia;Final Cut Pro per i professionisti
Massimiliano D'Andrea;Final Cut studio 2. Con CD-ROM
A. P. Chekhov;Five Comic One-Act Plays (Dover Thrift Editions)
Robert Reinhardt, Snow Dowd;Flash CS3. Con CD-ROM
Massimo Introvigne;Fondamentalismi. I diversi volti dell'intransigenza religiosa
Giulio Forti;Fotografia. Teoria e pratica della Reflex
Mary Shelley;Frankenstein. Con CD Audio. Con CD-ROM. Con espansione online
Michael Wolff, I. Annoni, E. Cantoni;Fuoco e furia. Dentro la Casa Bianca di Trump
Jorge Amado;Gabriela, cravo e canela
Danila Comastri Montanari;Gallia est
De Fabianis, Valeria Manferto;Gente. Immagini dal mondo
Danila Comastri Montanari;Giallo antico. Come si scrive un poliziesco storico
vuoto;GIMP, Pocket Guide
Guido Barbujani;Gli africani siamo noi. Alle origini dell'uomo
Wilbur Smith;Gli eredi dell'eden
Nicolas d'Estienne D'Orves, C. Lionetti;Gli orfani del male
Sandro Pertini, P. Pierri;Gli uomini per essere liberi
vuoto;GLOBUS Enciclopedia dei paesi e degli itinerari: Stati Uniti e Canada
Roberto Saviano;Gomorra. Viaggio nell'impero economico e nel sogno di dominio della camorra
Elisabetta Perini;Grammatica italiana per tutti
Angelo D'Orsi;Gramsci. Una nuova biografia
Erri De Luca;La Natura Esposta
Andrea Camilleri;Gran circo Taddei e altre storie di Vig��ta
Clotilde Vesco;Guida alla cucina etrusca. Cibi e divertimenti in Etruria
J.K. Rowling;Harry Potter and the Deathly Hallows
Joanne K. Rowling;Harry Potter e la maledizione dell'erede
June Newton;Helmut Newton
Philippe Daverio;Ho finalmente capito l'Italia. Piccolo trattato ad uso degli stranieri (e degli italiani)
Carlo S. Capogreco;I campi del Duce. L'internamento civile nell'Italia fascista (1940-1943)
Renato Mammucari;I castelli romani. Un viaggio nello spazio e nel tempo
Ian Sidaway, L. Bises;I colori. Come mescolarli per ottenere le tinte desiderate
Glenn Cooper, G. Arduino;I custodi della biblioteca
Marco Consentino, Domenico Dodaro, Luigi Panella;I fantasmi dell'Impero
Gina Buonaguro, Janice Kirk, S. D'Ovidio;I lupi del Vaticano
Simon Cox;I segreti del Codice da Vinci. Guida non autorizzata a fatti, personaggi e misteri del Codice da Vinci
Gill Barron;I segreti dell'acrilico
Corrado Augias;I Segreti di Londra
Giulia Fiore Coltellacci;I segreti tecnologici degli antichi romani
Alberto Bevilacqua;I sensi incantati
Andrea Camilleri;I sogni di Andrea Camilleri
Barack Obama;I sogni di mio padre. Un racconto sulla razza e l'eredit
Alessandro Bongiovanni, Maria Sole Croce;I Tesori dell'Antico Egitto
Alberto Angela;I tre giorni di Pompei: 23-25 ottobre 79 d. C. Ora per ora, la pi�� grande tragedia dell'antichit
Caroline Taggart;I Used to Know That: A Classical Education
Patrick Scrivenor;I Used to Know That: English
Marianne Taylor;I Used to Know That: General Science
M. Craveri;I vangeli apocrifi
Matilde Asensi;Iacobus
vuoto;Il Broglio
Khaled Hosseini;Il Cacciatore Di Aquiloni
Glenn Cooper, R. Zuppet;Il calice della vita
Andrea Camilleri;Il campo del vasaio
Umberto Eco;Il cimitero di Praga
Doris Lessing;Gatti molto speciali
Daniel Estulin, M. Zanarini;Il club Bilderberg. La storia segreta dei padroni del mondo
Dan Brown;Il Codice Da Vinci
Andrea Camilleri;Il colore del sole
aa.vv.;Il Corano
Wilbur Smith;Il destino del cacciatore
Wilbur Smith;Il destino del leone
Andrea Camilleri;Il diavolo, certamente
Wilbur Smith, R. Rambelli;Il dio del fiume
Stefano Rodot;Il diritto di avere diritti
Corrado Augias;Il disagio della libert��. Perch�� agli italiani piace avere un padrone
Siegfried Lenz, R. Cravero;Il disertore
T.K.V. Desikachar;Il Cuore dello Yoga
Boris Pasternak;Il Dottor Zivago
Christian Jacq;Il Faraone Nero
Dieter Schlesak;Il farmacista di Auschwitz
Christian Jacq;Il Figlio Della Luce (Italian Edition)
Giuseppe Tomasi di Lampedusa;Il Gattopardo
Giorgio Bassani;Il giardino dei Finzi-Contini
Andrea Camilleri;Il gioco degli specchi
Carlos Ruiz Zafon;Il gioco dell'angelo
Andrea Camilleri;Il giro di boa
Philip Whitfield, I.C.J. Galbraith;Il grande libro degli uccelli
Massimo Cotto;Il grande libro del rock (e non solo). Musica per tutti i giorni dell'anno
Simonetta Agnello Hornby;Boccamurata
Mauro Raccasi;Il guerriero di Stonehenge
Asne Seierstad, G. Paterniti;Il libraio di Kabul
Scott Kelby;Il libro della fotografia digitale vol.2
Scott Kelby;Il libro della fotografia digitale vol.3
Scott Kelby;Il libro della fotografia digitale Vol.1
Glenn Cooper, G. P. Gasperi, V. Februari;Il libro delle anime
Ernesto Che Guevara;Latinoamericana
John Lloyd, John Mitchinson, A. Montrucchio;Il libro dell'ignoranza. Che cosa ? verit? e che cosa ? semplicemente una panzana? Il libro-gioco che svela le nostre false conoscenze
Ken Arnold, James Gosling, David Holmes;Il linguaggio Java. Manuale ufficiale
Andrea Camilleri;Il medaglione
Gaetano Salvemini, S. Bucchi;Il ministro della mala vita
Nino Taranto;Il muro del sorriso
Andrea Camilleri;Il nipote del Negus
Betty Edwards;Il nuovo disegnare con la parte destra del cervello
Ivano Dionigi;Il presente non basta. La lezione del latino
Carlos Ruiz Zafon;Il principe della nebbia
Frederick Forsyth;Il pugno di Dio
Doris Lessing;Il quinto figlio
Andrea Camilleri;Il re di Girgenti
Tony Park;Il respiro della savana
Glenn Cooper, M. Bottini;Il segno della croce
Christian Jacq;Il segreto dei geroglifici. Come entrare nel magico mondo degli antichi egizi
Roberto Giacobbo;Il segreto di Cheope: Alla ricerca del tesoro perduto delle piramidi (I volti della storia) (Italian Edition)
Wilbur Smith, R. Rambelli;Il settimo papiro
Dan Brown, A. Biavasco, V. Guani, N. Lamberti, A. Raffo, R. Scarabelli;Il simbolo perduto
Gaetano Pecora;La scuola laica: Gaetano Salvemini contro i clericali
Piercamillo Davigo;Il sistema della corruzione
Sigmund Freud;Il sogno e la sua interpretazione
Andrea Camilleri;Il sonaglio
Andrea Camilleri;Il tailleur grigio
Jean-Michel Thibaux;Il tesoro dell'abate SauniǸre
Edward Luce, C. Melloni;Il tramonto del liberalismo occidentale
Michel BenoǪt, P. Lanterna;Il tredicesimo apostolo
Omero, M. Savini, V. Monti;Iliade. Ediz. integrale
Simone Casu, Giovanni Spinicchia;Impara a disegnare. Corso completo di disegno con il metodo Ve.ra.di. Vedere ragionare disegnare
Clinton Pierce;Imparare Perl in 24 ore. Con CD-ROM
Alberto Angela, L. Tarlazzi;Impero. Viaggio nell'Impero di Roma seguendo una moneta
Graham Hancock;Impronte degli dei
Jorge Volpi;In cerca di Klingsor
Danila Comastri Montanari, L. Sanvito;In corpore sano
Corrado Augias, Mauro Pesce;Inchiesta su Gesu? : chi era l?uomo che ha cambiato il mondo
Robert Andrews, Jules Brown, Phil Lee, Rob Humphreys;Inghilterra
Oriana Fallaci;Insciallah
John Peter Sloan, S. Pedroni;Instant english
Carlo Lucarelli;Intrigo italiano
vuoto;Introduzione a SQL
Giorgio Faletti;Io sono Dio
Giorgio Faletti;Io uccido
Tim Vicary;Ireland: 700 Headwords (Oxford Bookworms Library)
Margaret Greenwood, Geoff Wallis, Mark Connolly, Hildi Hawkins;Irlanda
Aldous Huxley, David Bradshaw;Island
Aaron E. Walsh;J2EE
vuoto;JAVA 2
Danny Goodman, Michael Morrison;ja<x>vascript. La guida
vuoto;JOOMLA
Sylvio Fresco;Kenya
Christian Jacq;KEOPS IL ROMANZO DELLA PIRAMIDE (IL TESTAMENTO DEGLI DEI TRADUCCION DE PATRICIA CHENDI)
Manfred Clauss;L' antico Egitto. Dagli albori della civilt�� egiziana alla formazione del primo Impero, il Nuovo Regno e la grande regina Cleopatra
Sigmund Freud;L' uomo Mos�� e la religione monoteistica
Giancarlo De Cataldo;L'India, l'elefante e me
Richard Branson;Screw it, let's do it
Lin Anderson, L. Rodin?;La bambina che giocava con il fuoco
Ernesto Che Guevara;Il pensiero di Che Guevara
Hannah Arendt, P. Bernardini;La banalit�� del male. Eichmann a Gerusalemme
Jonathan Coe;La banda dei brocchi
Glenn Cooper, G. P. Gasperi;La biblioteca dei morti
Giorgio Chinnici;Guarda caso: I meccanismi segreti del mondo quantistico
Andrea Camilleri;La caccia al tesoro
Roland Barthes, Renzo Guidieri, R. Guidieri;La camera chiara. Nota sulla fotografia
Gerri Brightwell;La casa dei segreti
Jonathan Coe;La Casa Del Sonno (Universale Economica) (Italian Edition)
Carlo Verdone, F. Maiello;La casa sopra i portici
Martin Rua;La cattedrale dei nove specchi. Parthenope trilogy
Baldassarre Mancuso;La citt�� eterna
Andrea Camilleri;La concessione del telefono
Livio Jannattoni;La cucina romana e del Lazio
Andrea Camilleri;La danza del gabbiano
Pierre Dukan;La dieta Dukan
Andrea Frediani;La dinastia. Il romanzo dei cinque imperatori
Rodolfo Lanciani;La distruzione dell'antica Roma. Lo scempio dei monumenti nel corso dei secoli
Dante Alighieri, L. Polacco, G. Vandelli;La Divina Commedia
Jonathan Coe;La Famiglia Winshaw (Universale Economica) (Italian Edition)
Apuleio;La favola di Amore e Psiche. Testo latino a fronte
Tiziano Terzani, Folco Terzani;La fine �� il mio inizio
Andrea Camilleri;La forma dell'acqua
Mario Pincherle;La Grande piramide e lo Zed : nuove scoperte nella piramide : come fu costruita e cosa nasconde
Edward N. Luttwak;La grande strategia dell'impero romano
Wilbur Smith;La legge del deserto
Laurence Gardner, M. E. Morin;La linea di sangue del Santo Graal. La storia segreta dei discendenti del Graal
Andrea Camilleri, Tullio De Mauro;La lingua batte dove il dente duole
Carlo Goldoni;La locandiera
Andrea Camilleri;La luna di carta
Guido Melis;La macchina imperfetta. Immagine e realt�� dello Stato fascista
Enrico Mentana, Liliana Segre;La memoria rende liberi. La vita interrotta di una bambina nella Shoah
Simonetta Agnello Hornby;La Mennulara
Giulietto Chiesa, Guido Cosenza, Luigi Sertorio;La menzogna nucleare. Perch�� tornare all'energia atomica sarebbe gravemente rischioso e completamente inutile
Andrea Camilleri;La mossa del cavallo
Elie Wiesel, D. Vogelmann;La notte
Wilbur Smith;La notte del Leopardo
Roberto Riccardi;La notte della rabbia
Andrea Camilleri;La paura di Montalbano
Jonathan Coe;La pioggia prima che cada
Andrea Camilleri;La pista di sabbia
Antonio Gramsci;La Questione Meridionale
Andrea Camilleri;La Regina di Pomerania: E altre storie di Vig��ta
Giordano Sivini;La resistenza dei vinti. Percorsi nell'Africa contadina
Andrea Camilleri;La rete di protezione
Irving Sloane, T. Rizzi, E. Torchio;La riparazione della chitarra. Manuale sulla riparazione delle chitarre e degli strumenti tastati
Lynn Picknett, Clive Prince;La rivelazione dei templari
Bruno Tinti;La rivoluzione delle tasse. Contro il partito degli evasori
Andrea Camilleri;La rizzagliata
Luciano Canfora;La schiavit�� del capitale
Marco Travaglio;La scomparsa dei fatti. Si prega di abolire le notizie per non disturbare le opinioni
Leonardo Sciascia;La Scomparsa di Majorana
Andrea Camilleri;La Setta Degli Angeli
Paolo Giordano;La solitudine dei numeri primi
Wilbur Smith;La spiaggia infuocata
vuoto;La Storia Vol.1 dalla preistoria agli Egizi
Paulo Cohelo;La Strega di Portobello
Andrea Camilleri;La targa
Elido Fazi;La terza guerra mondiale? La verit�� sulle banche, Monti e l'euro
Steve Berry, E. Villa;La tomba di ghiaccio
Andrea Camilleri;La vampa d'agosto
Dan Brown;La Verita Del Ghiaccio
Tacconi;La Verit�� Perduta
Wilbur Smith;La voce del tuono
Franz Monssen;Laboratorio di circuiti elettrici con OrCAD PSpice
Leonardo Sciascia;L'affaire Moro (Piccola Biblioteca Adelphi)
Gabriel Garcia Marquez;L'Amore ai Tempi del Colera
Catherine Salles;L'amore al tempo dei romani
JosǸ Saramago;Cecit��
Arthur Phillips;L'Archeologo
Ovidio;L'Arte d'Amare
Betty Edwards;L'arte del colore. Guida pratica all'uso dei colori
Art Wolfe, Rob Sheppard;L'arte della fotografia. Ediz. a colori
Nicola Gardini;Latino
Rinaldo Donzelli, Bruno Munari, Piero Polato;Lavori in legno
Gianni Oliva;L'avventura coloniale italiana. L'Africa Orientale Italiana (1885-1942)
Andrea Camilleri;Le ali della sfinge
A.Conan Doyle;Le avventure di Sherlock Holmes
Davide Castellini;Le canzoni di Peter Gabriel
Berto Dodson;Le chiavi del disegno
Andrea Camilleri;Le inchieste del commissario Collura
Vittorio Sgarbi;Le meraviglie di Roma. Dal Rinascimento ai giorni nostri
Laurence Gardner, A. Moro, T. Topini;Le misteriose origini dei re del Graal
Ernest Hemingway;Le Nevi del Kilimangiaro / The Snows of Kilimanjaro [Bilingual Text]
Martin Rua;Le nove chiavi dell'antiquario. Parthenope trilogy
George L. Mosse;Le origini culturali del Terzo Reich
Gaetano Salvemini;Le origini del fascismo in Italia
Andrea Camilleri;Le pecore e il pastore
Javier Sierra, C. Marinelli;Le porte dei templari
Fabio Volo;Le prime luci del mattino
Oriana Fallaci;Le radici dell'odio. La mia verit�� sull'Islam
Hans Jonas;Il concetto di Dio dopo Auschwitz
Pierre Dukan;Le ricette della dieta Dukan. 350 ricette per dimagrire senza soffrire
Gianrico Carofiglio;Le tre del mattino
Emanuele Campiglio;L'economia buona
Christian Jacq;L'Egitto dei grandi Faraoni
Muriel Barberry;L'eleganza Del Riccio
Pietro Borromeo;L'enigma del Bafometto
Alberto Bevilacqua;L'eros
Luigi. Pirandello;L'Esclusa
Michele Brambilla;L'eskimo in redazione
Carlo Lucarelli;L'estate torbida
Ian Rankin;Let It Bleed
Andrea Camilleri;L'eta del dubbio
Sabrina Torno;Letteratura latina
Allison Weir;Traitors of the Tower
Vincent Van Gogh, M. Cescon, M. Donvito, B. Casavecchia;Lettere a Theo
Antonio Gramsci, P. Spriano;Lettere dal carcere
Joseph Conrad;Cuire di Tenebra
Stephen Shore;Lezione di fotografia. La natura delle fotografie
Margherita Hack;Libera scienza in libero Stato
Frank Schatzing;Limit
Milan Kundera;L'Insostenibile Leggerezza dell'essere
Carla Schroder;Linux cookbook
Craig Hunt;Linux Network Server
Hill B. Mako, J. Bacon, C. Burger;Linux Ubuntu. La guida ufficiale.
Jonathan Nasaw;L'Isola della strage - Morte ai Caraibi
Christina Lamb, Nujeen Mustafa;Lo straordinario viaggio di Nujeen. Dalla Siria alla Germania in sedia a rotelle per fuggire dalla guerra
Paulo Coelho;Lo Zahir
Michael Freeman;L'occhio del Fotografo - La composizione nella fotografia digitale
Irene Belloni;L'occhio di Horus
Pietro Borromeo;L'ombra del Bafometto
Wilbur Smith;L'ombra del sole
Carlos Ruiz Zafon;L'ombra Del Vento
Edward Rutherfurd;London
Touring club italiano;London
Lonely Planet;London (Italian Edition)
vuoto;Londra
Rob Humphreys;Londra
Ilona Jerger;E Marx tacque nel giardino di Darwin
Walter Benjamin, E. Filippini, M. Valagussa;L'opera d'arte nell'epoca della sua riproducibilit�� tecnica
Carlo Rovelli;L'ordine del tempo
Matilde Asensi;L'Origine Perduta
Wilbur Smith;L'uccello del sole
Matilde Asensi;L'Ultimo Catone
Emiliano Fittipaldi;Lussuria. Peccati, scandali e tradimenti di una Chiesa fatta di uomini
Bob Dylan;Lyrics 1962-2001. Testo inglese a fronte
Costantino D'Orazio;Ma liberaci dal male
Christian Jacq;Maat
Chuck Toporek;Mac OS X Leopard. Guida pocket
Antonio Pennacchi;Mammut
Gianni Barbaceto, Peter Gomez, Marco Travaglio;Mani pulite 25 anni dopo
Vari;Manuale Cremonese di Elettrotecnica
Vari;Manuale Cremonese di MECCANICA
Vari;Manuale Cremonese di MECCANICA ELETTROTECNICA ELETTRONICA, parte generale
Vari;Manuale Cremonese di MECCANINCA ELETTORTECNICA ELETTRONICA, Indici: generale, autori, analitico
Vari;Manuale del Perito in elettronica telecomunicazioni energia nucleare
Carlos Ruiz Zafon;Marina
Mark Ellingham, Shaun McVeigh, Daniel Jacobs, Hamish Brown;Marocco
Doris Lessing;Martha Quest
Andrea Camilleri;Maruzza Musumeci
Magaldi Gioele;Massoni. Societ�� a responsabilit�� illimitata. La scoperta delle Ur-Lodges
Albrecht Beutelspacher, A. Peroni;Matematica. Tutto quello che avreste voluto sapere. 101 domande e risposte
Marguerite Yourcenar, L. Storoni Mazzolani;Memorie di Adriano. Seguite dai taccuini di appunti
Martha Nasib?;Memorie di una principessa etiope
Tim Wu;The Master Switch
Maurizio Pallante;Meno e meglio. Decrescere per progredire
Thomas Thoenes, Frank Z?llner;Michelangelo
Khaled Hosseini, I. Vaj;Mille splendidi soli
Vittorio Lingiardi;Mindscapes. Psiche nel paesaggio
Wilbur Smith;Monsone
Danila Comastri Montanari;Morituri te salutant
Danila Comastri Montanari;Mors tua
Ian Rankin;Mortal Causes
Antonio Cederna;Mussolini urbanista. Lo sventramento di Roma negli anni del consenso
Michael Kofler;My SQL 5
Bois Paul Du;MySQL
Paul DuBois, Stefan Hinz, Carsten Pedersen;MySQL 5.0 Certification Study Guide (MySQL Press)
Jeremy D. Zawodny, Derek J. Balling;MySQL. Guida avanzata
MySQL AB;MySQL. Guida ufficiale
Lewis;Naples '44: A World War II Diary of Occupied Italy
Boris Pahor, E. Martin;Necropoli
Christin Jacq;Nefer
Alan Drew;Nei giardini d'acqua
Chris Offutt, R. Serrai;Nelle terre di nessuno
Danila Comastri Montanari;Nemesis
Marcella Russano;"Nero a meta'. Dalle origini a ""Grande madre"" tutta la poesia di Pino Daniele"
CHRISTINA LATHAM-KOENIG CLIVE OXENDEN;NEW ENGLISH FILE INTERMEDIATE PACK WITHOUT KEY MULTIROM PACK (NEW ENGLISH FILE INTERMEDIATE PACK)
vari;New Yorkers - Short Stories: 700 Headwords (Oxford Bookworms Library)
Giorgio Faletti;Niente di vero tranne gli occhi
Franco Battiato;Niente e' come sembra. Con DVD
George Orwell;Nineteen Eighty-four
Carlo Conti, E. Giovannini, L. Siano;Noi che... I migliori anni
vuoto;vuoto
Margaret Mazzantini;Non Ti Muovere
Alberto Burgio;Nonostante Auschwitz. Il ritorno del razzismo in Europa
Carlo Tronchetti;Nora
Giovanni Boccaccio;Novelle dal Decameron
Paulo Coelho;O Alquimista
Antonio Gramsci;Odio gli indifferenti
Francis Scott Fitzgerald;Il grande Gatsby
Omero;Odissea. Ediz. integrale
Charles Dickens;Oliver Twist: 2500 Headwords (Oxford Bookworms Library)
Ian McEwan;On Chesil Beach
Marquez Gabriel Garcia;Opere narrative. Vol. 1
Marquez Gabriel Garcia;Opere narrative. Vol. 2
Giacomo Leopardi, A. Prete;Operette Morali
Kevin Loney, Marlene Theriault;Oracle 9i DBA. Implementazioni di soluzioni amministrative per esperti
Michael McLaughlin;Oracle Database 10g Express Edition PHP Web Programming (Osborne ORACLE Press Series)
Edward Whalen;Oracle Database 10g. Amministrazione in Linux
Scott Hurman, Ron Hardman, Michael McLaughin;Oracle Database 10g. Programmazione PL/SQL
Jason Price;Oracle Database 10g. SQL
Lawrence C. Linnemeyer, Bradley D. Brown;Oracle HTML DB. Applicazioni Express
Wilbur Smith;Orizzonte
Marco Del Freo;Orizzonte bianco. Scoperte scientifiche e avventura umana nella base italiana in Antartide
Karen Blixen;Out of Africa (Penguin Modern Classics)
Albert Sydney Hornby, Sally Wehmeier;Oxford Advanced Learner's Dictionary
Catherine Soanes, Angus Stevenson;Oxford dictionary of English.
vuoto;OXFORD STUDY per studenti d'inglese
WilliamSomerse Maugham;Painted Veil
Antonio Pennacchi;Palude
Christin Jacq;Paneb
Umberto Eco;Pape Satan Aleppe: Cronache di una societ�� liquida
Danila Comastri Montanari;Parce sepulto
Paolo Puntoni, Renzo De Felice;Parla Vittorio Emanuele III
Giobbe Covatta, stefano disegni;Parola Di Giobbe
Roberta Ferraris;Pasta madre. Tutto ci�� che devi sapere per produrla, conservarla e utilizzarla al meglio
Alessandro Bellini, Andrea Guidi;Perl e Internet
Marisa Padovani;Photoshop CS
Scott Kelby;Photoshop CS5 per la fotografia digitale
Andi Gutmans, Stig Bakken, Derick Rethans;PHP 5 Guida completa
vuoto;PHP 5. Guida per lo sviluppatore
Lin Anderson;Picture Her Dead (Rhona MacLeod)
Angelo Petrella;Pompei. L'incubo e il risveglio
Anna Foa;Portico d'Ottavia n. 13. Una casa del ghetto nel lungo inverno del '43
Mark Mamone;Practical Mono (Expert's Voice in Open Source)
Jane Austen;Pride and Prejudice: 2500 Headwords (Oxford Bookworms Library)
Bart D. Ehrman, M. Grosso;Prima dei vangeli. Come i primi cristiani hanno ricordato, manipolato e inventato le storie su Ges?
John Ingledew;Professione: fotografo
Mark Lutz, David Asher;Programmare con Python
Cesare Rizzi;Progressive & Underground
Erich Fromm;Psicoanalisi dell'amore
Antonio Manzini;Pulvis et umbra
Marco Beri;Python
Wilbur Smith;Quando vola il falco
Agatha Christie, M. G. Griffini, L. Lax;Quattro casi per Hercule Poirot
Hermann Hesse;Racconti
Franz Kafka;Racconti
Doris Lessing;Racconti africani
Doris Lessing;Racconti Londinesi
Franco Cimmino;Ramesses II Il Grande
vuoto;Ramses 4 Regina DI Abu Simbel (Italian Edition)
vuoto;Ramses o Dimora Millenaria (Italian Edition)
Christian Jacq;Ramses: L'ultimo nemico
Marco Travaglio, Peter Gomez;Regime
Andrews Tanenbaum;Reti di Computer
Zygmunt Bauman, M. Cupellaro;Retrotopia
Roberto Fanchini;Rhinoceros. Guida all'uso
Costantino D'Orazio, Mimmo Paladino;Ritratti romani. Chi ha costruito Roma, come e perch��
Italo Insolera;Roma fascista: Nelle fotografie dell'Istituto Luce (L'immagine e la storia)
Ginevra Lovatelli, Adriano Morabito, Marco Gradozzi;Roma insolita e segreta. Ediz. a colori
Mario Sconcerti;Romolo. L'alba di Roma da riscrivere
Stephen King;Running Man
Alberto Angela;San Pietro. Segreti e meraviglie in un racconto lungo duemila anni
Danila Comastri Montanari;Saturnalia
Danila Comastri Montanari;Scelera
Rob Humphreys, Donald Reid;Scozia
300.000. Ediz. multilingue;Scozia, Inghilterra del Nord 1:300.000. Ediz. multilingue
Oriana Fallaci;Se il Sole Muore
Peter Gomez, Marco Travaglio;Se li conosci li eviti
Andrew Yule;Sean Connery: Neither Shaken nor Stirred
Jackie Maguire;Seasons and Celebrations (Oxford Bookworms Library)
Lilla Salgado;Sebastiao Salgado. Genesis
Luigi Pirandello;Sei Personaggi in Cerca d'Autore / Enrico IV (Italian Edition)
Mark Wilding, Dan Behman;Self service Linux
Dino Buzzati;Sessanta Racconti
Sigmund Freud;Sessualit�� e vita amorosa
Carlo Rovelli;Sette brevi lezioni di fisica
Sir Arthur Conan Doyle;Sherlock Holmes Short Stories: 700 Headwords (Oxford Bookworms Library)
Hermann Hesse;Siddharta
Ramez A. Elmasri, Shamkant B. Navathe;Sistemi di basi di dati
Robert Capa;Slightly Out of Focus (Modern Library War)
Luciano De Crescenzo;Socrate
Giuseppe Gioachino Belli;Sonetti
Danila Comastri Montanari;Spes, ultima dea
Mario Biey;Spice e PSpice. Introduzione all'uso
Mary Beard, A. Piccato;SPQR. Storia dell'antica Roma
Paolo Villaggio;Storia della libert�� di pensiero
Franco Cimmino;Storia delle Piramidi
Silvio Lanaro;Storia dell'Italia repubblicana (1946-1991)
Indro Montanelli;Storia di Roma
Erodoto;Storie. Testo greco a fronte. Vol. 1: Libri I-IV.
David Gibson, M. Villa;Street photography. Manuale del fotografo di strada
Ian Rankin;Strip Jack
Gaetano Salvemini, S. Bucchi;Sulla democrazia
Susan Sontag, Ettore Capriolo, E. Capriolo;Sulla fotografia. Realt�� e immagine nella nostra societ
Barack Obama;Sulla razza. Testo inglese a fronte
Wilbur Smith;Sulla rotta degli squali
Hermann Hesse, Bruna Bianchi;Sull'amore
Hermann Hesse, Paola Sorge;Sull'anima
Thomas Myer;Sviluppo Web con XML e PHP
Jens Finke;Tanzania
William Shakespeare, G. Melchiori;Teatro completo. Testo inglese a fronte. 2.Le commedie romantiche
Thomas Sanders;Terreno di Gioco
vuoto;Testi religiosi dell'antico Egitto
Donald Omand;The Argyll Book
Anthony Ryder;The Artist's Complete Guide to Figure Drawing: A Contemporary Perspective On the Classical Tradition
J.K. Rowling;The Casual Vacancy
Robert Galbraith;The Cuckoo's Calling
Leonard Mlodinow, Stephen Hawking;The Grand Design
Sir Arthur Conan Doyle;The Hound of the Baskervilles (Penguin Popular Classics)
Jonathan Coe;The House of Sleep
Mark Logue, Peter Conradi;The King's Speech
Khaled Hosseini;The Kite Runner
Stephen S. Mehler;The Land of Osiris
Martin Sixsmith;The Lost Child of Philomena Lee
Doyle Arthur Conan;The memories of Sherlock Holmes
Agatha Christie;The Mystery of the Blue Train (Hercule Poirot Mysteries)
Ansel Adams;The Negative (Ansel Adams Photography, Book 2)
Ansel Adams;The Print (Ansel Adams Photography, Book 3)
Jonathan Coe;The Rain Before It Falls
Lin Anderson;The Reborn: Rhona Macleod Book 7 (Rhona Macleod 7)
Jason Mott;The returned
David Sax;The Revenge of Analog: Real Things and Why They Matter
Robert Galbraith;The Silkworm (Cormoran Strike)
Nigel Tranter;The Story of Scotland
Jonathan Coe;The Terrible Privacy of Maxwell Sim
Isabel Wilkerson;The Warmth of Other Suns: The Epic Story of America's Great Migration (Vintage)
Susan Hill;The woman in black (La donna in nero)
Jerome Kapla Jerome;Three Men in a Boat
Niccolo Ammaniti;Ti Prendo E Ti Porto Via
Ian Rankin;Tooth & Nail
Franco Giustolisi;L'armadio della vergogna
Lin Anderson;Torch (Rhona MacLeod)
Baruch Spinoza;Trattato dei tre impostori. Mos��, Ges��, Maometto
Ernest  Hemingway;True at First Light
Isaac Rabinovitch;Tutorial Java. Corso rapido. Con CD-ROM
Francesco Totti;Tutte le barzellette su Totti : raccolte da me
Ann Cleeves;The sleeping and the dead
Giuseppe Verdi, P. Mioli;Tutti i libretti d'opera
Giovanni Di Iacovo;Tutti i poveri devono morire
Edgar Allan Poe, D. Palladini, I. Donfrancesco;Tutti i racconti del mistero, dell'incubo e del terrore
Luigi Pirandello;Tutti i romanzi. Vol. 1
Luigi Pirandello;Tutti i romanzi. Vol. 2
U2;U2. Tutti i testi con traduzione a fronte
Wilbur Smith;Uccelli da preda
Andrea Camilleri;Un filo di fumo
Giuseppe Antonelli;Un italiano vero. La lingua in cui viviamo
Doris Lessing;Un Matrimonio per Bene (Universale Economica Feltrinelli)
Alberto Angela;Una giornata nell'antica Roma. Vita quotidiana, segreti e curiosit
Andrea Camilleri;Una Lama Di Luce
Wilbur Smith;Un'aquila nel cielo
Wilbur Smith;Vendetta di sangue
Margaret Mazzantini;Venuto Al Mondo
Ernest Hemingway;Verdi colline d'Africa
Carlo Lucarelli;Via delle Oche
Franco Pezzini;Victoriana. Maschere e miti, demoni e dei del mondo vittoriano
vuoto;Vini d'Italia 2011
Francesco Balena;Visual Basic 6
Bertolt Brecht, E. Castellani;Vita di Galileo
Nicola Gardini;Viva il latino. Storie e bellezza di una lingua inutile
Andrea Camilleri;Voi non sapete. Gli amici, i nemici, la mafia, il mondo nei pizzini di Bernardo Provenzano
Andrea Camilleri;I racconti di Nen��
Giuseppe Benedetti / Doantella Coccoli;Gramsci per la scuola
Benjamin Jacobs;Il dentista di Auschwitz
Flavio Caroli;La storia dell'arte
Ann Cleeves;Too good to be true
Giovanni Fasanella;Il Puzzle Moro
Andrea Camilleri;Il metodo Catalanotti
Vittorino Andreoli;Il silenzio delle pietre
Philip  K. Dick;La svastica sul sole
Pietro Ratto;L'Honda anomala
Amedeo Osti Guerrazzi;Gli anni della vergogna 1938-1945
Michela Murgia;Istruzioni per diventare fascisti
Antonio Manzini;Fater il vostro gioco
Marco Baliani;Il regno di Acilia
Luis Fernando Verissimo;O melhor das Comedias da Vida Privada
Enrico Mattei;Il complesso d'inferiorit��
Mark Saborn;Fed Factor
AAVV;Dizionario LATINO
Jessey Bullock, Jeff Parker;Wireshark e Metasploit
Anna Frank;Diario
Aldo Busi;El especialista de Barcelona
Tom Shore;Pilgrim Spy
Alessandra Kersevan;Un campo di concentramento fascista
Pier Paolo Pasolini;Il fascismo degli antifascisti
Ian Rankin;Watchman
Massimo Cotto;We will rock you. Segreti e bugie. 709 canzoni come non le avete mai sentite
Graham Hancock;Il ritorno degli dei
Gunter Beer;Web Design Index
Jonathan Coe;What a Carve Up!
Martin B. Withers, David Hosking;Wildlife of East Africa (Princeton Illustrated Checklists)
William R. Stanek;Windows Command line. Guida pratica
Jens Finke;Zanzibar
Aleksandr Isaevic  Solzenicyn;Arcipelago Gulag
Philippe Daverio;Grand Tour d'Italia a piccoli passi
Zygmunt Bauman;Vita liquida
Zygmunt Bauman;Amore liquido
Zygmunt Bauman;Di nuovo soli
Paul Lowe;1001 Fotografie da vedere nella vita
Francesco Amodeo;La Matrix Europea
Antonio Manzini;Rien ne va plus
Paolo Giovannini, Marco Palla;Il fascismo dalle mani sporche
Erasmo da Rotterdam;Elogio della Follia
J. D. Salinger;Il giovane Holden
Platone;La Repubblica
Epicuro;Lettera sulla felicit��
Giuseppe Riva;Fake news
Ian Kershaw;Hitler
Ann Cleeves;Telling tales
Muammar Gheddafi;Libro Verde
Erico Verissimo;Incidente em Antares
Paolo Rumiz;Appia
Caio Giulio Cesare;La guerra gallica
Aristotele;Poetica
Philippe Even;Colestdrolo tutta la verit��
Barbara H. Roberts;La verit�� sul colesterolo
Massimo Cacciari;La mente inquieta
Chiara Mercuri;DANTE - una vita in esilio
Massimo Bacale - Piera Borghetti;Etiopia - il cuore antico dell'Africa
Francesco Piazzi;Lessico essenziale di Latino
Johannes Nathan - Frank Zoller;Leonardo da Vinci - The Graphic Work
E. H. Gombrich;La Storia dell'Arte
Gilles Neret;Renoir
Yuval Noah Harari;Sapiens, Da animali a dei
Angelo del Boca;Gli italiani in Libia - dal fascismo a Gheddafi
Angelo del Boca;Gli italiani in Libia 1860-1922
Giordano Bruno;De Umbris Idearum
Umberto Eco;Migrazioni e intolleranza
Federico Finchelstein;Dai Fascismi ai Populismi
Giuseppe Catozzella;Non dirmi che hai paura
Carlo Levi;Cristo si �� fermato a Eboli
Franco Berrino;Ventuno giorni per rinascere
Jon Erickson;L'arte dell'hacking
Justin Seitz;Python per hacker
Peter Norton;Le Reti
Fred Butzen;The Linux Network
"Gordon ""Fyodor"" Lyon";NMAP Network Scanning
Stuart McClure;Hacker 7.0
Marco Buttu;Programmare con Python
Thomas Hobbes;Leviatano
PLUTO Linux User Group;Linux How To
Joe Brockmeier;Slackware Linux 7
Michael Kofler;MySQL5 Guida Completa
Alessandro Vespignani, Rosita Rijitano;L'algoritmo e l'oracolo
Guido Saraceni;Fuoco �� tutto ci�� che siamo
Paolo Rumiz;Il filo infinito
Andrea Vitali;Documenti, prego
Valerio Massimo Manfredi;Il mio nome �� nessuno
vari;Sicilia
Andrea Camilleri;Il cuoco dell'Alcyon
Hans Fallada;Ognuno muore solo
Giorgio Colli;La nascita della filosofia
Annette Hess;L'interprete
Primo Levi;Se non ora, quando?
Primo Levi;I sommersi e i salvati
Primo Levi;La tregua
Primo Levi;Il sistema periodico
Primo Levi;La chiave a stella
Concita De Gregorio;Nella Notte
H. Schildt;C guida tascabile
Marco Beri;Python
Michel Stutz;Linux guida pratica
Joseph Roth;La Cripta dei Cappuccini
Felice Benuzzi;No Picnic On Mount Kenya
Cacciari ++;Barbarie
Giuseppe Lo Bianco, Sandra Rizza;L'agenda rossa di Paolo Borsellino
Salvatore Petrotto;Il sistema montante
Johann Wolgang Goethe;Viaggio in Sicilia
Vari;Federico II e il suo tempo
Mauro Biglino;Il libro che cambier�� per sempre le nostre idee sulla bibbia
Mauro Biglino;La Bibbia non parla di Dio
Giovanni Boccaccio;Decameron
Ian McEwan;My Purple Scented Novel
Ian McEwan;Machines like me
Cicerone;De Senectute De Amicitia
Claudio Rendina;La grande guida dei monumenti di Roma
Claudio Rendina;Guida insolita di Roma
Maurizio Viroli;Nazionalisti e Patrioti
Chiara Mercuri;Francesco d'Assisi, la storia negata
Alessandro Mulieri;Democrazia Totalitaria
Howard M. Berlin;La progettazione dei circuiti amplificaori operazionali
Howard M. Berlin;La progettazione dei filtri attivi
Walter Veltroni;Assassinio a Villa Borghese
Indro Montanelli;Storia di Roma
Luciano Lozio;Microbiota Intestinale
Paolo Naso;Le religioni sono vie di pace
Edward Snowen;Errore di sistema
Elena Pigozzi;Come difendersi dai Romani
Jonah Goldberg;Miracolo e Suicidio dell'Occidente
Fabio Cusimano;Modo di legare i libri
Zap e Ida;Wikibolario
Andrea Camilleri;Autodifesa di Caino
Italo Svevo;Una Vita
Italo Svevo;La Coscienza di Zeno
Italo Svevo;Senilit��
Guillaume Sorel, Christine Coste;Praga, Itinerari d'autore
Michelin;Praga
Nigel Pavitt;Samburu
Mariavittoria Carnovale, Aldo Chietera;Matera
Johan Beck-Friis;Il Cimitero Acattolico di Roma
Gino Montefinale;Cinque Terre e Porto Venere
Vari;Chingula e altre storie
Vari;Poeti Africani Anti Apartheid
Salvatore Colombo, Francesco Ticca;Guida di Dorgali e Cala Gonone
Laura Rangoni;Piatti Unici 500 ricette
Alessandro Roccati;Museo Egizio di Torino
Elena Luraghi, Cinzia Rando;52 weekend da sogno
Vari;Elba tutte le spiagge
Vari;Rosslyn Chapel
Vari;Il Castello di Edimburgo
Vari;The Burrel Collection
Piero Gelli;Dizionario dell'Opera 2008
Vari;Brasile
Marco Gustin, Mattia Brambilla, Claudio Celada;Conoscerli, Proteggerli
Francesco Sinagra;Il Ghetto di Roma
Vari;Siena
Vari;Osterie d'Italia 2020
Vari;I Borghi pi�� belli d'Italia
Roberto Calasso;Il Libro di Tutti i Libri
Chris Knight;Il Ritratto Perfetto
Corrado Augias, Giovanni Filoramo;Il Grande Romanzo dei Vangeli
Melania Gaia Mazzucco;L'Architettrice
James Redfield;La Profezia di Celestino
Yuval Noah Harari;Homo Deus, breve storia del futuro
Vari;Come insultavano gli antichi Romani
Valerio Massimo Manfredi;Antica Madre
Yuval Noah Harari;21 Lezioni per il XXI Secolo
Heather Dune Macadam;Le 999 donne di Auschwitz
Hans Tuzzi;Al Vento dell'Oceano
Franco Crivellari;Analisi statistica dei dati con R
Dean Koontz;The Eyes of Darkness
Cesare Catananti;Il Vaticano Nella Tormenta
Albert Camus;La Peste
Stefano Gasparri;Italia Longobarda
Ralf Rothmann;IL DIO DI UNA ESTATE
Federico De Roberto;I Vicer��
Richard Wrangham;Il Paradosso della Bont��
Mariapia Veladiano;Parole di scuola
Cosmo Giacomo Sallustio Salvemini;Epuloni e Lazzari
Francesco Filippi;Mussolini ha fatto anche cose buone
Paolo Bonolis;Perch�� parlavo da solo
Stefania Auci;I Leoni Di Sicila
Nicola Zamperini;Manuale di disobbedienza digitale
Aldo Maria Valli;Come la Chiesa finǪ
Curzio Malaparte;Il buonuomo Lenin
Massimo Gaggi;Homo Premium
Giuliano Battiston;La sinistra che verr��
Adriano Panzironi;Vivere 120 anni: Le Ricette
Adriano Panzironi;Vivere 120 anni
Seneca;Le Consolazioni
Sandra Evans;Menschen A1.1 kursbuch
Sandra Evans;Menschen A1.1 arbeitsbuch
Hans Scollo;DEUTSCHE GRAMMATIK FUR ITALIENER
G. Espa, R. Micciolo;Analisi esplorativa dei dati con R
Maurizio De Pra;Finalmente ho capito la Statistica
Fernando Azervedo;3250 Acordes para violao
Marc-Uwe Kling;Quality Land per ottimisti
Philip Roth;L'Animale Morente
Philip Roth;Everyman
Luisa Giacoma - Susanne Kolb;Il Tedesco Smart
Seneca;La tranquillit�� dell'anima
Antonio Manzini;Ah l'amore l'amore
Erri De Luca;Il contrario di uno
Valerio Massimo Manfredi;Idi di Marzo
Corrado Augias;Breviario per un confuso presente
Ian McEwan;L'Inventore di sogni
Andrea Camilleri;Riccardino
James Joyce;Gente di Dublino
Jack London;Il tallone di ferro
Jack London;Il vagabondo delle stelle
Jack London;Il popolo dell'abisso
Antonio Manzini;Sull'orlo del precipizio
Erik Siegel, Adam Retter;eXist
Fernando Pessoa;Una Sola Moltitudine vol.1
Andrea Camilleri;La danza del gabbiano
Andrea Camilleri;La caccia al tesoro
Giulio Cesare;Guerre in Gallia
Seneca;Sulla Felicit��
John Maynard Keynes;Teoria Generale dell'occupazione, dell'interesse e della moneta
Fabiano Massimi;L'Angelo di Monaco
Jack London;La Peste Scarlatta
Stuart Turton;Le sette morti dei Evelyn Headcastle
ValǸrie Perrin;Cambiare l'acqua ai fiori
Paolo Berizzi;L'educazione di un fascista
Theodor W. Adorno;Aspetti del nuovo radicalismo di destra
Francesco Filippi;Ma perch�� siamo ancora fascisti?
Antonio Scurati;M. Il figlio del secolo
Ernest Renan;Vita di Ges��
Gunther Anders;L'Uomo �� antiquato - 1
Baruch Spinoza;Trattato teologico-politico
Gunther Anders;Noi figli di Eichmann
Umberto Eco;Costruire il nemico
Marcello Simoni;Il segreto del mercante di libri
Carlo Alberto Orlandi;Gli archivi segreti della sezione M - V
Massimo Recalcati;La tentazione del muro
Massimo Recalcati;Il gesto di Caino
Mary L. Trump;Too much and Never Enough
Antonio Manzini;Gli ultimi giorni di quiete
Massimo Bavastro;Io ti cercher��
Ken Follet;Fu sera e fu mattina
Walter Veltroni;Buonvino e il caso del bambino scomparso
IELTS manuale di preparazione;Anthony Zambonini
G.Alfano, P.Italia, E.Russo, F.Tomasi;Letteratura italiana 2�� volume
Sting;Broken Music
Gasparini - Mirri;Dispositivi e circuiti elettronici Vol.1
Gasparini - Mirri;Dispositivi e circuiti elettronici Vol.2
Franco Malenza;La patente da Radioamatore
Scott Hacker;The BeOS Bible
Nuova Elettronica;Schemario Kit 1990
Camerapix;The spectrum Guide to Kenya
Valerio Massimo Manfredi;Quaranta giorni
G.Alfano, P.Italia, E.Russo, F.Tomasi;Letteratura italiana 1�� volume
Philippe Daverio;Quattro conversazioni sull'Europa
Mimmo Franzinelli;Storia della Repubblica Sociale Italiana
Carlo Rovelli;Helgoland
Joseph Tritto;Cina Covid-19
Lannutti E. Alterio T. Fracasso F.;I Conquistatori
F. Fracassi, T. Alterio;Colpo si Stato
Tiziana Alterio;La Guerra Silenziosa
Lia Tagliacozzo;La generazione del deserto
Papa Francesco;Ritorniamo a sognare
Roberto Calasso;Come ordinare una biblioteca
Victor Hugo;Notre-Dame de Paris
Gaetano Salvemini;Mussolini diplomatico
Umberto Galimberti;I miti del nostri tempo
Umberto Galimberti;L'ospite inquietante
Victor Hugo;I Miserabili Vol. 1
Victor Hugo;I Miserabili Vol. 2
Friederich A. von Hayek;Liberalismo
Maurizio De Giovanni;Rondini d'Inverno
Maurizio De Giovanni;Il purgatorio dell'angelo
Benjamin Labatut;Quando abbiamo smesso di capire il mondo
Alessandro Barbero;Dante
Dante Alighieri;Vita Nuova
Eric Lomax;The Railway Man
Dante Alighieri;La Divina Commedia
Alessandro Barbero;Alabama
Andrea Camilleri;La Pensione Eva